id,type,text1,text2,text3,text4
tl_tiamat,SHIP,"A broad, boxy line battleship built around four side-mounted triple beam cannons. Each cannon sits in an armoured wall sponson and throws linked volleys of energy bolts across a wide arc, while a ring of small point-defence mounts covers the deck.","Tiamats anchor a battle line and are often chosen as flagships. Their cannons can all bear on a target directly ahead, so they are at their best advancing head-on.",,
tl_asura,SHIP,A wedge-prowed battleship carrying a four-barrel railgun turret with an identical twin slung beneath the hull. Rows of missile wells line its gunwales.,"Asura-IIs keep pace with cruisers while hitting like a capital ship, and are favoured as fast-reaction flagships.",,
tl_neow,SHIP,"A long armoured envelope with no turrets at all: everything that is not a launch tube is armour. Three forward tubes fire heavy torpedoes in salvos, and flare tubes ring the hull.","The Neow cannot raise a shield and does not need one. It sits back, absorbs punishment and reloads its tubes between salvos.",,
tl_artemis,SHIP,"A twin-deck catamaran carrier. A catapult rail runs between the two flight decks, with a line of point-defence mounts along each outer rail.",Artemis carriers stay well behind the line and keep a large air wing in the fight.,,
tl_siren,SHIP,A wide convertible carrier. In carrier mode its three main guns are folded into silos under the flight deck; converting to battleship mode seals the deck and raises the guns.,The Siren must choose between launching fighters and fighting with its own guns. Its captains switch modes as the range closes.,,
tl_hastur,SHIP,"A battlecruiser made of two parts: an armoured forward hull carrying four twin beam cannons, docked over a spherical command module that houses the hangar and drives.","Hastur crews pair the forward hull's firepower with a small fighter wing, but the ship is vulnerable if enemies get close.",,
tl_hannibal,SHIP,"A heavy cruiser with a long armoured snout. A forward battery of energy mounts, one of them tucked under the snout, gives it a strong frontal punch.",A dependable line cruiser used for fire support and escort work.,,
tl_regulus,SHIP,An escort cruiser bristling with small energy mounts and fitted with short-range bubble missile pods at the snout and flanks.,Regulus escorts screen carriers and larger ships from fighters and light craft.,,
tl_duilius,SHIP,A cylindrical cruiser with eight grapple-claw galleries along its flanks and two heavy guns under its bow.,"The Duilius closes in and hurls its claws at the target, one of the few cruisers designed for close combat.",,
tl_abaddon,SHIP,"A missile cruiser that is little more than an armoured frame, a fighter-style cockpit and two booster bodies wrapped around a single enormous warhead.",The Abaddon exists to deliver one Apocalypse warhead. It carries no shield; flares and armour keep it alive until the launch.,,
tl_iris,SHIP,"A front-line cruiser carrier with an open flight deck, hangar ramps and a raised stern carrying missile mounts.","Iris carriers act as forward bases for fighter operations but need escorts, as their own defences are light.",,
tl_selene,SHIP,A fast carrier: a domed hull with two short launch decks on its side pods and a large three-nozzle engine crest.,Selenes are faster than most cruisers and use that speed to keep their wings on the flanks.,,
tl_fenrir,SHIP,"A fast destroyer shaped like an armoured bulb, with a hardpoint in its nose, two short gun mounts on its flanks and a turret on its crown. Its side boosters swivel to vector thrust.","The fastest hull in the line, built for hit-and-run attacks.",,
tl_hellhound,SHIP,"A light destroyer shaped like a flashlight: a long armoured handle carrying a gun band and missile ledges, ending in a swivelling lamp-head drive.",Hellhounds hunt damaged ships and finish them off.,,
tl_garm,SHIP,"An assault destroyer with a tall armoured dome, a heavy gun under its nose and swivelling thruster pods.","Garms charge in, hit a vulnerable target hard and pull out before the enemy can respond.",,
tl_triplebeam,WEAPON,One of the Tiamat's four triple-barrel beam cannons. Each shot is a linked volley of three high-energy bolts.,,Built-in weapon.,
tl_hastur_beam,WEAPON,"Over-under twin beam cannon on the Hastur's side sponsons, firing linked pairs of high-energy bolts.",,Built-in weapon.,
tl_quadrail,WEAPON,The Asura-II's four-barrel railgun turret. A twin loaded with explosive slugs is mounted under the hull.,,Built-in weapon.,
tl_quadrail_twin,WEAPON,"The lower twin of the Asura-II's Quad Railgun, firing explosive slugs from under the hull.",,Built-in weapon.,
tl_armageddon,WEAPON,The Neow's three launch tubes fire Armageddon torpedoes one after another. The magazine reloads all three together.,,Built-in weapon.,
tl_apocalypse,WEAPON,"The Abaddon carries a single cruiser-sized warhead between its boosters. Launched by the ship system, once per battle.",,Built-in weapon.,
tl_bubble,WEAPON,Short-range energy warheads fired in salvos from the Regulus' green pods to break up close-in attackers.,,Built-in weapon.,
tl_claw,WEAPON,Remote grapple claws launched from the Duilius' side galleries by its ship system.,,Built-in weapon.,
tl_triple_overcharge,SHIP_SYSTEM,Energy weapons fire twice as fast for half the flux and deal 25% more damage.,,,
tl_rail_overdrive,SHIP_SYSTEM,"Ballistic weapons fire twice as fast for half the flux, slugs fly 50% faster, and the Asura-II surges forward.",,,
tl_ap_focus,SHIP_SYSTEM,Energy weapons deal 60% more damage and reach 30% further; +50% damage against capital ships.,,,
tl_pd_overdrive,SHIP_SYSTEM,"Double damage to fighters and missiles, +50% damage to destroyers (+25% to frigates), +150 PD range; the bubble pods are reloaded.",,,
tl_wing_rally,SHIP_SYSTEM,"The Selene's fighters are patched up (half their hull restored) and surge: faster, harder-hitting and tougher.",,,
tl_hit_and_run,SHIP_SYSTEM,"A short burst of speed and agility with the guns running hot. Get in, strike, get out.",,,
tl_execution,SHIP_SYSTEM,Rapid fire that tears into damaged hulls; the missile racks are reloaded.,,,
tl_claw_strike,SHIP_SYSTEM,All eight grapple claws burst out of the side galleries at once and home on the target. Claws ignore shields and tear into the hull (fragmentation). Holds 2 volleys; the galleries rebuild one volley every 20 seconds.,,,
tl_apocalypse,SHIP_SYSTEM,"Once per battle. The side boosters slide open on their rails and the Abaddon brakes on its retro jets; the Apocalypse warhead drifts out, ignites and flies to the point the ship aimed at. Capital-grade armour and hull, but it can be shot down. Ships in its path are shoved aside. Needs a locked target: the warhead homes on it and detonates when its tip reaches the ship, with a 2200-unit blast whose damage and flux overload build from the rim to the centre. The blast hits friend and foe (not the Abaddon itself).",,,
tl_siren_mode,SHIP_SYSTEM,"Carrier mode (off): main guns folded under the deck. Battleship mode (on): the deck converts, the three main guns rise and fire; fighters stay out but replacement pauses until the ship returns to carrier mode.",,,
tl_flare_screen,SHIP_SYSTEM,Right-click (these hulls carry no shield). Fires decoy flares from eight tubes all round the hull.,,,
tl_replica_wing,SHIP_SYSTEM,Every wing launches a full set of replica fighters that fight alongside the originals for 20 seconds (a 2-fighter wing becomes 2 x 2).,,,
