name,id,designation,tech/manufacturer,system id,fleet pts,hitpoints,armor rating,max flux,8/6/5/4%,flux dissipation,ordnance points,fighter bays,max speed,acceleration,deceleration,max turn rate,turn acceleration,mass,shield type,defense id,shield arc,shield upkeep,shield efficiency,phase cost,phase upkeep,min crew,max crew,cargo,fuel,fuel/ly,range,max burn,base value,cr %/day,CR to deploy,peak CR sec,CR loss/sec,supplies/rec,supplies/mo,c/s,c/f,f/s,f/f,crew/s,crew/f,hints,tags,logistics n/a reason,codex variant id,rarity,breakProb,minPieces,maxPieces,travel drive,number
Tiamat,tl_tiamat,Battleship,Terra Light,tl_triple_overcharge,42,24000,1900,28000,,1600,330,,40,18,12,7,11,5200,FRONT,,300,0.5,0.8,,,450,800,400,500,8,,7,450000,3,25,600,0.25,36,36,,,,,,,,tl_bp,,tl_tiamat_standard,,0.5,2,3,,1
Asura-II,tl_asura,Advanced Battleship,Terra Light,tl_rail_overdrive,42,19000,1700,24000,,1500,330,,50,24,16,9,13,4400,FRONT,,270,0.5,0.8,,,400,700,350,450,7,,8,440000,3,25,600,0.25,36,36,,,,,,,,tl_bp,,tl_asura_standard,,0.5,2,3,,2
Neow,tl_neow,Fortified Battleship,Terra Light,damper,42,26000,20000,18000,,900,280,,25,10,8,5,8,6500,PHASE,tl_flare_screen,,,,,,500,900,500,600,9,,7,450000,3,28,600,0.25,38,38,,,,,,,,"tl_bp, special_allows_system_use, system_allows_special_use",,tl_neow_standard,,0.5,2,3,,3
Artemis,tl_artemis,Catapult Carrier,Terra Light,reservewing,40,14000,1200,18000,,900,280,8,35,15,10,6,10,4800,FRONT,,300,0.5,0.8,,,500,900,600,600,8,,7,450000,3,25,600,0.25,36,36,,,,,,,CARRIER,tl_bp,,tl_artemis_standard,,0.5,2,3,,4
Siren,tl_siren,Convertible Carrier,Terra Light,tl_siren_mode,40,16000,1400,21000,,1100,290,4,40,18,12,7,11,4600,FRONT,,300,0.5,0.8,,,480,850,500,550,8,,7,440000,3,25,600,0.25,36,36,,,,,,,"CARRIER, COMBAT",tl_bp,,tl_siren_standard,,0,2,3,,5
Hastur,tl_hastur,Battlecruiser,Terra Light,tl_replica_wing,27,12500,1300,16000,,1050,220,2,65,38,30,14,22,2600,FRONT,,240,0.4,0.75,,,250,400,200,250,3,,8,240000,3,15,480,0.25,20,20,,,,,,,"SHIP_WITH_MODULES, CARRIER, COMBAT",tl_bp,,tl_hastur_standard,,0.5,2,3,,6
,tl_hastur_bridge,Hastur Command Module,Terra Light,,1,5500,1100,2000,,150,40,,0,0,0,10,10,400,NONE,,,,,,,0,0,,,1,,,1,,1,,,0,0,,,,,,,"UNBOARDABLE, HIDE_IN_CODEX, MODULE, UNDER_PARENT",module_hull_bar_only,,,,1,2,3,,7
Hannibal,tl_hannibal,Heavy Cruiser,Terra Light,tl_ap_focus,24,12000,1450,15000,,1000,230,,65,36,30,14,22,2400,FRONT,,240,0.4,0.75,,,220,350,150,200,3,,8,220000,3,15,480,0.25,18,18,,,,,,,,tl_bp,,tl_hannibal_standard,,0.5,2,3,,8
Regulus,tl_regulus,Escort Cruiser,Terra Light,tl_pd_overdrive,20,9500,1100,12000,,800,190,,55,30,24,12,18,2300,FRONT,,270,0.4,0.8,,,200,330,150,200,3,,8,200000,3,15,480,0.25,17,17,,,,,,,,tl_bp,,tl_regulus_standard,,0.5,2,3,,9
Duilius,tl_duilius,Claw Cruiser,Terra Light,tl_claw_strike,23,11000,1400,12500,,800,200,,70,40,32,14,22,2800,FRONT,,240,0.4,0.8,,,220,350,150,200,3,,8,220000,3,15,480,0.25,18,18,,,,,,,,tl_bp,,tl_duilius_standard,,0.5,2,3,,10
Abaddon,tl_abaddon,Missile Cruiser,Terra Light,tl_apocalypse,24,13000,1600,11000,,700,160,,45,25,20,10,15,3200,PHASE,tl_flare_screen,,,,,,200,330,150,200,3,,8,260000,3,15,480,0.25,20,20,,,,,,,,"tl_bp, special_allows_system_use, system_allows_special_use",,tl_abaddon_standard,,0,2,3,,11
Iris,tl_iris,Carrier,Terra Light,reservewing,22,8000,950,10500,,650,180,4,50,28,22,11,16,2200,FRONT,,240,0.4,0.85,,,220,380,200,250,3,,8,220000,3,15,480,0.25,16,16,,,,,,,CARRIER,tl_bp,,tl_iris_standard,,0.5,2,3,,12
Selene,tl_selene,Fast Carrier,Terra Light,tl_wing_rally,18,6500,800,8500,,550,140,2,90,50,40,18,26,1500,FRONT,,270,0.4,0.85,,,140,240,120,180,2,,9,180000,3,12,420,0.25,13,13,,,,,,,CARRIER,tl_bp,,tl_selene_standard,,0.5,2,3,,13
Fenrir,tl_fenrir,Interdiction Destroyer,Terra Light,tl_hit_and_run,13,4000,600,6500,,420,110,,115,75,60,26,44,750,FRONT,,200,0.4,0.8,,,60,110,60,100,1,,10,100000,3,10,360,0.25,9,9,,,,,,,,tl_bp,,tl_fenrir_standard,,0,2,3,,14
Hellhound,tl_hellhound,Light Destroyer,Terra Light,tl_execution,11,4200,650,6500,,450,105,,100,70,55,26,42,650,FRONT,,200,0.4,0.8,,,50,90,50,80,1,,9,80000,3,8,360,0.25,7,7,,,,,,,SHIP_WITH_MODULES,tl_bp,,tl_hellhound_standard,,0,2,3,,15
,tl_hellhound_tower,Hellhound Command Tower,Terra Light,,1,1500,450,2000,,150,40,,0,0,0,10,10,400,NONE,,,,,,,0,0,,,1,,,1,,1,,,0,0,,,,,,,"UNBOARDABLE, HIDE_IN_CODEX, MODULE",module_hull_bar_only,,,,1,2,3,,16
Garm,tl_garm,Assault Destroyer,Terra Light,displacer,12,4500,750,6000,,400,100,,85,58,44,23,36,850,FRONT,,200,0.4,0.8,,,60,110,60,90,1,,9,95000,3,10,360,0.25,8,8,,,,,,,,tl_bp,,tl_garm_standard,,0,2,3,,17
